sample_idx,param,ref,pred,abs_error,sq_error
0,cavity_frequency,0.291146,0.292717,0.00157065,2.46695e-06
0,kappa,0.0044512,0.00358188,0.000869318,7.55713e-07
1,cavity_frequency,0.721199,0.723615,0.00241603,5.8372e-06
1,kappa,0.150955,0.159164,0.00820888,6.73857e-05
2,cavity_frequency,0.587419,0.587903,0.000483858,2.34119e-07
2,kappa,0.493966,0.495979,0.00201235,4.04956e-06
