sample_idx,param,ref,pred,abs_error,sq_error
0,cavity_frequency,0.291146,0.29122,7.35928e-05,5.4159e-09
0,kappa,0.0044512,0.00426361,0.00018759,3.51898e-08
1,cavity_frequency,0.721199,0.7236,0.00240107,5.76513e-06
1,kappa,0.150955,0.194184,0.043229,0.00186875
2,cavity_frequency,0.587419,0.587705,0.000285732,8.16429e-08
2,kappa,0.493966,0.49579,0.00182373,3.326e-06
