sample_idx,param,ref_unscaled,pred_unscaled,abs_error_unscaled,sq_error_unscaled
0,cavity_frequency,6.19193e+09,6.1923e+09,368257,1.35613e+11
0,kappa,24653.2,24471.5,181.661,33000.9
1,cavity_frequency,8.34374e+09,8.35576e+09,1.20141e+07,1.44338e+14
1,kappa,166528,208391,41863,1.75251e+09
2,cavity_frequency,7.67436e+09,7.67579e+09,1.42974e+06,2.04416e+12
2,kappa,498701,500467,1766.11,3.11915e+06
