sample_idx,param,ref_unscaled,pred_unscaled,abs_error_unscaled,sq_error_unscaled
0,qubit_frequency_GHz,4.11508,4.11719,0.00210998,4.45203e-06
0,anharmonicity_MHz,-150.844,-151.25,0.405608,0.164518
1,qubit_frequency_GHz,3.95949,3.96484,0.00535791,2.87072e-05
1,anharmonicity_MHz,-138.744,-138.875,0.13088,0.0171295
2,qubit_frequency_GHz,5.04726,5.04297,0.00428977,1.84022e-05
2,anharmonicity_MHz,-236.389,-235.625,0.764034,0.583747
