sample_idx,qubit_frequency_GHz,anharmonicity_MHz,param,ref,pred,abs_error,sq_error
0,0.491077,0.333713,design_options.connection_pads.readout.claw_length,0.333333,0.333496,0.00016276,2.6491e-08
0,0.491077,0.333713,design_options.connection_pads.readout.ground_spacing,0.152542,0.147339,0.00520351,2.70765e-05
0,0.491077,0.333713,design_options.cross_length,0.515152,0.515625,0.000473485,2.24188e-07
1,0.572236,0.119324,design_options.connection_pads.readout.claw_length,0.0909091,0.0892334,0.00167569,2.80795e-06
1,0.572236,0.119324,design_options.connection_pads.readout.ground_spacing,1,0.977539,0.0224609,0.000504494
1,0.572236,0.119324,design_options.cross_length,0.606061,0.601074,0.00498639,2.48641e-05
2,0.246398,0.11066,design_options.connection_pads.readout.claw_length,0.121212,0.120361,0.000850793,7.23849e-07
2,0.246398,0.11066,design_options.connection_pads.readout.ground_spacing,0,-0.0027771,0.0027771,7.71228e-06
2,0.246398,0.11066,design_options.cross_length,0.272727,0.271973,0.000754616,5.69446e-07
