sample_idx,cross_to_ground,claw_to_ground,cross_to_claw,cross_to_cross,claw_to_claw,ground_to_ground,param,ref_unscaled,pred_unscaled,abs_error_unscaled,sq_error_unscaled
0,133.517,96.703,5.98705,133.517,103.123,287.806,design_options.connection_pads.readout.claw_length,0.00018,0.000180483,4.82864e-07,2.33158e-13
0,133.517,96.703,5.98705,133.517,103.123,287.806,design_options.connection_pads.readout.ground_spacing,5e-06,4.94719e-06,5.28145e-08,2.78937e-15
0,133.517,96.703,5.98705,133.517,103.123,287.806,design_options.cross_length,0.00026,0.00026083,8.29926e-07,6.88776e-13
1,148.829,69.9119,2.2821,148.829,72.5296,278.843,design_options.connection_pads.readout.claw_length,0.0001,9.94205e-05,5.79453e-07,3.35765e-13
1,148.829,69.9119,2.2821,148.829,72.5296,278.843,design_options.connection_pads.readout.ground_spacing,1e-05,9.89437e-06,1.05629e-07,1.11575e-14
1,148.829,69.9119,2.2821,148.829,72.5296,278.843,design_options.cross_length,0.00029,0.000288486,1.51352e-06,2.29074e-12
2,87.3543,68.8291,3.77328,87.3543,73.0345,205.788,design_options.connection_pads.readout.claw_length,0.00011,0.000109553,4.46663e-07,1.99508e-13
2,87.3543,68.8291,3.77328,87.3543,73.0345,205.788,design_options.connection_pads.readout.ground_spacing,4.1e-06,4.11272e-06,1.27205e-08,1.61811e-16
2,87.3543,68.8291,3.77328,87.3543,73.0345,205.788,design_options.cross_length,0.00018,0.000179887,1.13182e-07,1.28102e-14
