sample_idx,param,ref_unscaled,pred_unscaled,abs_error_unscaled,sq_error_unscaled
0,qubit_frequency_GHz,4.11508,4.11391,0.00116827,1.36486e-06
0,anharmonicity_MHz,-150.844,-151.468,0.623336,0.388548
1,qubit_frequency_GHz,3.95949,3.95364,0.00584609,3.41768e-05
1,anharmonicity_MHz,-138.744,-138.522,0.22198,0.049275
2,qubit_frequency_GHz,5.04726,5.04563,0.00162378,2.63665e-06
2,anharmonicity_MHz,-236.389,-236.999,0.609914,0.371995
